sentences,perplexity,org_perplex,diff_perplex
"If you cannot gather data or take incorrect photos from the end user, this means that you get data out of your pockets, which reduces the complexity of the data thereby contributing to the security of your data. The data can be extracted and",1.7081091,1.2676048,0.4405043
Data Abtraction is a process of hiding unwanted or irrelevant details from the end user. This process has different views and allows for optimum access to data. Such systems can use complex data structures to reduce the complexity and usability of the data,1.7926632,1.2676048,0.5250584
"Data Abstraction means storing of the irrelevant data from the end user. It provides a different view and improves data privacy, and reduces the complexity in the useability of the data. In order to improve the system, developers use",1.8496563,1.2676048,0.5820515
A computerized machine is a computer that hides unwanted or irrelevant data from the user. This is the way to regain the data itself.,1.8187637,1.2676048,0.5511589
"Data abtraction is a process that hides unwanted or irrelevant data from the end user. It helps to provide a different viewpoint, and also for achieving data independence. This allows the user to reduce the complexity of applications and the functionality",1.7523668,1.2676048,0.48476195
"A way of hiding unidentified information or irrelevant info from the end user enables a different view and can lead to data independence. The software and databases have complex data structures that permit a variety of users to access the data,",1.5466825,1.2676048,0.27907765
A lack of data is a process of removing unwanted or irrelevant data from the end user. It is necessary to maintain data independence in a manner that has to reduce complexity in terms of usability and the user efficiency. This tool,1.6005214,1.2676048,0.33291662
Data Abtraction means that the user has the right to hide unwanted or irrelevant data. This makes the data extravagance easier by having a set of systems that use complex data structures to retrieve the data and reduce the complexity in the us,1.4036083,1.2676048,0.1360035
Data abtraction is an art of hiding unwanted or unrelated data from the end user. It gives a different view and helps us to attain data independence which can improve the security of data. Based on this technology and ease of access,1.7371373,1.2676048,0.4695325
"Data apathy is a process of revealing irrelevant or unwanted data from the end user. This approach is useful for determining what makes you easier to save or manage data. To be able to create effective systems, developers use high",1.8852857,1.2676048,0.6176809
"Data collection is a process of removing unwanted and irrelevant details from the end user. This is a way of achieving data independence and helps to save the time of data based on complex data structures. To manage data, the use",1.780141,1.2676048,0.51253617
Data absorption is a process of revealing unwanted or irrelevant details from the end user. This is useful for a different user. We're in better understanding of data and thereby ensure privacy. The tools used to collect data will,2.0558782,1.2676048,0.78827333
"Data abtraction is a process of hiding unwanted or irrelevant details from the end user. It is a different view and helps in achieving data independence, which helps in enhancing the security of the data. Database systems include complex data structures",1.8053422,1.2676048,0.53773737
"The process of avoiding the most common or most important details from the end user involves a different view, helps gain data independence which can greatly improve the security of data. In order to improve the security of databases, developers use data structures to",1.8437729,1.2676048,0.57616806
Discouraging unreliable data is a process that involves concealing unreliable and irrelevant data from the end user. It also helps to achieve data independence and increase our quality of life with data. Database systems allow you to access,1.838346,1.2676048,0.5707412
"It's a process of dissipating unwanted or irrelevant details from the end user, giving an independent view and maximizing the security of data. Database systems are composed of complex data structures. It's useful for a",1.6801908,1.2676048,0.41258597
"Data abstraction is a process that hides useless or irrelevant details from the end user. It also gives data a different view and helps in achieving data independence, which works towards improving the security of the data. Databases include complex data",1.7538149,1.2676048,0.4862101
Data detraction is a process of hiding irrelevant details from the end user. It gives a different view and helps us to achieve data independence which helps achieve data security. This technology simplifies the retrieval of data and reduces complexity to,1.7001377,1.2676048,0.4325329
Digital intelligence is the technique which protects from unwanted or irrelevant data from the end user. This process helps the user to understand how and why data are collected for the processing of data â€“ a system that helps make it better for the user,1.8614213,1.2676048,0.5938165
"Data abstraction involves the removal of unwanted or irrelevant data from the user. The process gives the viewer an independent view and helps me achieve data independence, which is used to better secure data. Database systems have complex data structures, reducing the complexity of",1.8596985,1.2676048,0.5920937
"Data is a simple process of hiding unwanted or irrelevant details from the end user. It's useful for data processing and is a determinant of the accuracy of data and to improve the privacy of the users, and the ease of",1.4714427,1.2676048,0.20383787
"Data extraction is a process to hide unwanted or irrelevant information from the end user. It gives a different view and helps to maintain data independence, which improves the security of data. Database systems include complex data structures with complex data structures to",2.0458665,1.2676048,0.77826166
"Databases involve complex data structures. This can improve the useability of a database and provide an easier and effective way to create efficient, simple database design.",1.657028,1.2676048,0.38942313
Data distraction is a process of preventing unwanted or irrelevant information from the end user. It provides a different view and helps to achieving data independence which can be used in order to optimize data efficiency. While there are complex database systems,1.8958888,1.2676048,0.628284
"Data absorption is a process of hiding unwanted or irrelevant details from the end user. It gives a different view, is useful to improve the security of data, and thereby reducing complexity in the use of data in general, and",1.5713706,1.2676048,0.30376577
"The processing process of data wasting will result in no one making such unnecessary or irrelevant data available. Ultimately, these methods help to improve performance and the application of databases in a complex structure and the ability to retrieve data; and the use",1.9069602,1.2676048,0.6393554
"Detection means the user hides unwanted or irrelevant information. It provides a unique view and helps a user to obtain data independent, which helps the user create a faster and more secure way of assessing it. For instance",1.9012486,1.2676048,0.63364375
"Data Abtraction is a process of analyzing irrelevant data from the end user. This process provides a different view and greatly improves data collection. In terms of retrieval, can use the complexity of our usage and thereby enhance the",1.5272477,1.2676048,0.25964284
"Data Abtraction is a process of capturing irrelevant, unwanted or non-evident details from the end user. It offers a different view and helps to achieve data independence, whereas databases are in the form of a complicated",1.639134,1.2676048,0.37152922
"Data Abtraction is a process of preventing irrelevant and unwanted details from the end user. It's different and enables the development of a more accurate perspective. At the same time the data is encrypted, that enables the user",1.8409579,1.2676048,0.57335305
"Data abstraction is a process of hiding unwanted or irrelevant details from the end user. It is a different view and is used to enhance the security of the data; it is possible to avoid the use of complex data structures, to eliminate the",1.6377975,1.2676048,0.37019265
"Data removal is a process to hide unwanted or irrelevant details from the end user. The result is a different view and helps to obtain data independence while improving the security of data. Systemes provide unique structures for more efficient computations,",1.7126083,1.2676048,0.4450035
Data Abtraction is a process of hiding irrelevant or unwanted details from the user. This approach aims to increase data security and increase if it tries to collect data in a way that is easier to recover the data than the other,1.6613731,1.2676048,0.3937683
"When the data is collected, the data cannot be stored, it can be modified to make it more efficient. The algorithms to manage it are made use of abstraction levels that have an effect on the computation of more than one of the user's",1.709501,1.2676048,0.4418962
"Data extraction is a process of making unwanted or irrelevant details from the end user easy to understand and the knowledge of a single view is achieved. The result is the achievement of a data independence, which means the processing of data and the",1.7022879,1.2676048,0.43468308
"A lack of abstraction process has a disadvantage from a lack of knowledge in the system. It works best to be able to remove unnecessary data and protect the users from unnecessary data. With respect to the accessibility of data, the en",1.7826308,1.2676048,0.515026
"Data dissipation is an abstraction process that hides unnecessary or irrelevant information from the end user. It provides a different view and improves the security of data. In terms of retrieval of data, its use can reduce the",1.7385168,1.2676048,0.47091198
"Data extraction is a process that hides irrelevant data from the end user. It gives a different view and increases the data independence thereby achieving the information security, which is used to boost productivity. Databases are made up of complex",1.9320916,1.2676048,0.66448677
"Data Abstraction is a process of allowing the end user to hide unwanted or irrelevant data. This provides different view and can enable data independence. To simplify the process, systems have complex data structures. In terms of retrieval, in terms",1.9641477,1.2676048,0.69654286
Data is a process of secreting unwanted or irrelevant details from the end user. A view / to achieving data independence / which helps to better protect data and protect the privacy of users is necessary. In order to make data recovery,1.9520625,1.2676048,0.68445766
"Data will extract unwanted or irrelevant details from the end user. Data is also valuable to the eras of data, so it helps to maintain a secure and equitable data freedom. In terms of retrieval, the user's is easy",1.575283,1.2676048,0.30767822
"Data distraction is the process of hiding unidentified or unidentified details from the end user. It provides a different view and improves data protection. Databases are used to improve the accessibility of data, hence reduce the",1.8481947,1.2676048,0.5805899
"For instance, databases are complex, so the ability of user data, and hence the performance of processing and the development of an array of applications. A system has the capability to extract out-of-date data is often manipulated through abstraction.",1.4416783,1.2676048,0.17407346
"Data Distraction is the process of removing unwanted or irrelevant details from the end user. It has the objective to achieve data independence, which can be analyzed with a more efficient method of collecting data, reduce complexity in terms of usability",1.5758526,1.2676048,0.3082478
Data Abstraction is a process of ignoring unwanted or irrelevant details by the end user. It provides a different view and helps in achieving data independence which can be used to improve the privacy and productivity of data. When using technologies to,1.8263059,1.2676048,0.55870104
Data abtraction is a process of protecting irrelevant details from the end user. The result is a different view and helps achieve data independence which can help improve the reliability of data. The most efficient database software is a complex system. In,1.7860532,1.2676048,0.51844835
"The technology that makes a lot of data is called dispersion. It allows it to obtain data as information as it is required to, as the result of a multiplication process, by the use of complex databases. In order to",1.8374056,1.2676048,0.56980073
"Data is a process of hiding unwanted or irrelevant details from the end user. It allows data retrieval and regaining data independent, making it easy for usability to use, and improving data quality. In order to be rational and efficient",1.7122507,1.2676048,0.44464588
"Data Abstraction is a process of transferring unwanted or irrelevant information from the end user, which brings different views and helps to achieve data independence. Database systems are composed of complex data structures that will simplify the retrieval of data, simplify",1.7158443,1.2676048,0.44823945
"Data extraction is a process to hide irrelevant or unwanted information from the end user. This is where it helps to generate data independence and improve the security of data. Data structures are very complex, and in terms of retrieval, as well as",2.0241423,1.2676048,0.75653744
